{
  "alpha": 0.21014584121380236,
  "beta": 0.12608750472828142,
  "gamma": 0.6637666540579161
}